Variance Threshold,Information Gain,Correlation Coefficient
pslist.avg\_handlers,pslist.avg\_threads,pslist.nproc
dlllist.ndlls,pslist.avg\_handlers,pslist.nppid
handles.nhandles,dlllist.ndlls,pslist.avg\_threads
handles.avg\_handles\_per\_proc,dlllist.avg\_dlls\_per\_proc,pslist.avg\_handlers
handles.nfile,handles.nhandles,dlllist.ndlls
handles.nevent,handles.avg\_handles\_per\_proc,ldrmodules.not\_in\_load\_avg
handles.nkey,handles.nevent,malfind.ninjections
handles.nthread,handles.nkey,malfind.commitCharge
handles.nsemaphore,handles.nsemaphore,psxview.not\_in\_pslist
handles.nsection,handles.ntimer,psxview.not\_in\_eprocess\_pool
handles.nmutant,handles.nsection,modules.nmodules
ldrmodules.not\_in\_load,handles.nmutant,svcscan.nservices
ldrmodules.not\_in\_init,svcscan.nservices,callbacks.ncallbacks
malfind.commitCharge,svcscan.kernel\_drivers,callbacks.nanonymous
malfind.protection,svcscan.shared\_process\_services,callbacks.ngeneric
